Abhilashi University,vicechancellor@abhilalshi.in,regabhilashi@gmail.com,,
AISECT University,munishkgovind@gmail.com,,,
Central University of Gujarat,vc@cug.ac.in,registrar@cug.ac.in,,
Central University of Haryana,vc@cuh.ac.in,registrar@cuh.ac.in,,
Central University of Himachal Pradesh,vc.cuhimachal@gmail.com,registrar.cuhp@gmail.com,,
Central University of Jammu,vicechancellor.cul@amall.com,ragistrar@culammu.acin,,
Central University of Jharkhand/Centra/ Un,ye@cuj.ac.in,registrar@cuj.ac.in;,,
Central University of Karnataka,vecukg@gmail.com,registrar@cuk.ac.in,,
Central University of Kashmir,ve@cukashmir.ac.in,registrar@cukashmir.ac.in,,
Central University of Kerala,ggkumar@gmail.com,registrar@cukerala.ac.in,,
Central University of Orissa,vc@cuo.ac.in,registrar@cuo.ac.in,,
Central University of Punjab,vc@cup.edu.in,registrar@cup.edu.in,,
Ajeenkya D Y Patil University,vicechancellor@adypu.edu.in,registrar@adypu.edu.in,,
Central University of Rajasthan,vc@curaj.ac.in,registrar@curaj.ac.in,,
Central University of South Bihar,ve@cub.ac.in,regisrar@cub.ac.in,,
Central University of Tamil Nadu,vc@cutn.ac.in,registrar@cutn.ac.in,,
Centurion University of Technology and Management,vc@cutm.ac.in,registrar@cutm.ac.in,,
Chanakya National Law University,ve@cnlu.ac.in,registrar@cnlu.ac.in,,
Chandigarh University,vc@cumail.in,registrar@cumail.in,,
Chandra Shekhar Azad University of Agriculture & Technology,Ivc@csauk.ac.in,registrar@csauk.ac,,
Charotar University of Science and Technology,provost@charusat.ac.in,registrar@charusat.ac.in,,
Chaudhary Bansi Lal University,cbluvc@gmail.com,cbluregistrar@gmail.com,,
Chaudhary Charan Singh Haryana Agricultural University,vc@hau.ac.in,regi@hat,,
AKS University,ve@aksuniversity.ac.in,registrar@aksuniversity.ac.in,,
Chaudhary Charan Singh University,yc@ccsuniversity.ac.in,registar@ccsuniversity.ac.in,,
Chaudhary Devi Lal University,vccdlusirsa@gmail.com,registrarcdlu@gmail.com,,
Chaudhary Ranbir Singh University,ve@crsu.ac.in,registrar@crsu.ac.in,,
,vc@hillagric.ac.in,registrar@hillagric.ac.in,,
vettinad Academy of Research & Education,yc@chettinadhealthcity.com,,,
vettinad Academy of Research & Education,registrar@chettinadhealthcity.com,,,
Chhatrapati Shahu Ji Maharaj University,vcocsjmu@gmail.com,registrarcsjmuknp@gmail.com,,
‘Chhatrapati Shivaji Maharaj University,ve@csmu.ac.in,registrar@csmu.ac.in,,
‘Chhattisgarh Kamdhenu Vishwavidyalaya,vecgkv2012@gmail.com,registrarcgkv2012@gmail.com,,
Chhindwara University, Chhindwara,yc.cuc@mp.gov.in,registrar.cuc@mp.gov.in,
Chhatisgarh Swami Vivekanand Technical University,ve@csvtu.ac.in,registrar@csvtu.ac.in,,
Alagappa University,vicechancelloralu@gmail.com,,,
Alagappa University,registraralagappauniv@gmail.com,,,
Children’s University,gujarat@gmail.com,rcu.gujarat@gmail.com,,
Himachal Pradesh,vc@chitkarauniversity.edu.in,registrar@chitkarauniversity.edu.in,,
Chitkara University Punjab,vc@chitkara.edu.in,registrar@chitkara.edu.in,,
CHRIST,ve@christuniversity.in,registrar@chri:,,
Cluster University of Jammu/State University/Administrati,vcofficecluj@gmail.com,registrarcluj@gmail.com,,
CMR University,ve@cmr.edu.in,registrar@cmr.edu.in,,
Cochin University of Science &Technology,rector@cusat.ac.in,registrar@cusat.ac.in,,
Cooch Behar PanchananBarmaUniversity,vc@cbpbu.ac.in,,,
Cotton University,vc@cottonuniversity.ac.in,,,
Cotton University,registrar@cottonuniversity.ac.in,,,
CU Shah University,secretaryccet96@gmail.com,registrar@cushahuniversity.org,,
All india Institute of Medical Sciences,@aiimsrishikesh.edu.in,registrar@aiimsrishikesh.edu.in,,
‘CV Raman Global University,vc@cgu-odisha.ac.in,registrar@cgu-odisha.ac.it,,
Dakshina Bharat Hindi Prachar Sabha,hanuman.spoorthy@gmail.com,pradipsarma2010@gmail.com,,
Damodaram Sanjivayya National Law University,ve2dsnlu@gmail.com,registrardsnlu@gmail.com,,
Datta Meghe Institute of Medical Sciences,ve@dmimsu.edu.in,registrar@dmimsu.edu.in,,
DAV University,mailyc@davuniversity.org,registrar@davuniversity.org,,
Davangere University,vedu_dvg@yahoo.in,,,
Davangere University,,drsvhalse@rediffmail.co.in,,
Dayalbagh Educational Institute,@gmail.com,registrar.dei@gmail.com,,
Dayananda Sagar University,vicechancellor@dsu.edu.in,registrar@dsu.edu.in,,
Deccan College of Post Graduate and Research Institute,ve@dcpune.ac.in,,,
Deccan College of Post Graduate and Research Institute,registrar@dcpune.ac.in,,,
Deenbandhu Chhotu Ram University of Science and Technology/,ve@dcrustm.org,registrar@dcrustm.org,,
Al-Falah University,nil4k@gmail.com,registrar@alfalahuniversity.edu.in,,
Deendayal Upadhyay Gorakhpur University,ve@ddugorakhpuruniversity.in,,,
Deendayal Upadhyay Gorakhpur University,registrar@ddugorakhpuruniversity.in,,,
Defence Institute of Advanced Technology,vc@diat.ac.in,registrar@diat.ac.in,,
Delhi Pharmaceutical Sciences and Research University,vc@dpsru.edu.in,registrar@dpsru.edu.in,,
Delhi Technological University,vedtu@dtu,,,
Delhi Technological University,n,registrar@dtu,,
Desh Bhagat University,ye@deshbhagatuniversity.in,registrar@deshbhagatuniversity.in,,
Dev SanskritiVishwavidyalaya,vc@dswv.ac.in,registrar@dsw.ac.in,,
Devi AhilyaVishwavidyalaya,ve.davv@dauniv.ac.in,registrar.davv@dauniv.ac.in,,
DhanamanjuriUniversity,ve@dmu.ac.in,,,
DhanamanjuriUniversity,registrar@dmu.ac.in,,,
Dharmsinh Desai University,vc@ddu.ac.in,,,
Dharmsinh Desai University,registrar@ddu.ac.in,,,
Dhirubhai Ambani Institute of Information and Communication Technology,@daiict.ac.in,soman_nair@daiict.ac.in,,
Aliah University,vc_au@aliah.ac.in,registrar@aliah.ac.in,,
Diamond Harbour Women’s University,ve.dhwu@gmail.com,registrar.dhwu@gmail.com,,
DIT University,vicechancellor@dituniversity.edu.in,registrar@dituniversity.edu.in,,
Doon University,doonvc@gmail.com,registrardoon@gmail.com,,
Dravidian University,vc_dravidianuniversity@rediffmail.com,dravidian.registrar@gmail.com,,
Dr AP J Abdul Kalam Technical University,vc@aktu.ac.in,registrar@aktu.ac.in,,
Dr AP J Abdul Kalam University,vicechancellor@aku.ac.in,registrar@aku.ac.in,,
Dr Babasaheb Ambedkar Marathwada University,vc@bamu.ac.in,sports.section@bamu.ac.in,registrar@bamu.ac.in,
Dr Babasaheb Ambedkar Open University,baouvc@gmail.com,bhavin.trivedi@baou.edu.in,,
Dr Babasaheb Ambedkar Technological University,vc@dbatu.ac.in,registrar@dbatu.ac.in,,
Aligarh Muslim University,vcamu@amu.ac.in,registrar.amu@amu.ac.in,,
Dr Balasaheb Sawant Konkan Krishi Vidyapeeth,@gov.in,regrdbskkv@rediffmail.com,,
Dr Bhim Rao Ambedkar University,vc@dbrau.org.in,registrar@dbrau.org.in,,
Dr B R Ambedkar National Institute of Technology,director@nitj.ac.in,registrar@nitj.ac.in,,
Dr B R Ambedkar National Law University,vc@drbranlu.ac.in,registrar@drbranlu.ac.in,,
Dr B R Ambedkar Open University,vc@braou.ac.in,registrar@braou.ac.in,,
Dr B R Ambedkar University,vcdrbrau@yahoo.com,regdrbrau@yahoo.com,,
Dr B R Ambedkar University Delhi,vc@aud.ac.in,registrar@aud.ac.in,,
Dr CV Raman University,ravidubey_1963@yahoo.co.in,gaurav@cvru.ac.in,,
Dr CV Raman University,vccvruknw@gmail.com,registrarcvruk@gmail.com,,
Dr. C V Raman University,rk17pande@gmail.com,siteshkumarsinha@gmail.com,,
Alliance University,ve@alliance.edu.in,registrar@alliance.edu.in,,
Dr D Y Patil Vidyapeeth,vc@dpu.edu.in,registrar@dpu.edu.in,,
Dr Harisingh Gour Vishwavidyalaya,vcsagaruniversity@gmail.com,,,
Dr Harisingh Gour Vishwavidyalaya,,registrardhsgu@rediffmail.com,,
Dr K N Modi University,president@dknmu.org,registrar@dknmu.org,,
Dr MG R Educational and Research Institute,vc@drmgrdu.ac.in,registrar@drmgrdu.ac.in,,
Dr NTR University of Health Sciences,vcntruhs@gmail.com,drntruhs@gmail.com,,
Dr Panjabrao Deshmukh Krishi Vidyapeeth,vc@pdkv.ac.in,,,
Dr Panjabrao Deshmukh Krishi Vidyapeeth,registrar@pdkv.ac.in,,,
Dr Rajendra Prasad Central Agricultural University,vc@rpcau.ac.in,registrar@rpcau.ac.in,,
Dr Ram Manohar Lohia Avadh University,vc@rmlau.ac.in,registrar@rmlau.ac.in,,
Dr Ram Manohar Lohiya National Law University,vc@rminlu.ac.in,registrar@rminlu.ac.in,,
Dr Shakuntala Mishra National Rehabilitation University,vc.dsmnru10@gmail.com,registrar@dsmnru.ac.in,,
Amity University Chhattisgarh,vcauc@rpr.amity.edu,,,
Dr Shyama Prasad Mukherjee University,vcdspmu@gmail.com,,,
Dr Y S Parmar University of Horticulture & Forestry,vcuhf@yspuniversity.ac.in,registrar@yspuniversity.ac.in,,
DY Patil Education Society,vc@dypatilkolhapur.org,registrar@dypatilkolhapur.org,,
Eternal University,mailcontact@eternaluniversity.edu.inFAX,,,
Fakir Mohan University,vcfmuniversity@gmail.com,registrarfmuniversity@gmail.com,,
Forest Research Institute,dir_fri@icfre.org,registrarfriu@icfre.org,,
Galgotias University,vc@galgotiasuniversity.edu.in,registrar@galgotiasuniversity.edu.in,,
Gandhi Institute of Technology and Management,vicechancellor@gitam.edu,registrar@gitam.edu,,
Gandhigram Rural Institute,vc@ruraluniv.ac.in,registrar@ruraluniv.ac.in,,
Gangadhar MeherUniversity,vce@gmuniversity.ac.in,registrar@gmuniversity.ac.in,,
Academy of Maritime Education and Training,vc@ametuniv.ac.in,registrar@ametuniv.ac.in,,
Amity University Haryana,vcauh@ggn.amity.edu,registrarauh@ggn.amity.edu,,
Ganpat University,dg@ganpatuniversity.ac.in,registrar@ganpatuniversity.ac.in,,
Gauhati University,vc@gauhati.ac.in,registrar@gauhati.ac.in,,
Gautam Buddha University,vc@gbu.ac.in,registrar@gbu.ac.in,,
Geetanjali University,vc@geetanjaliuniversity.com,registrar@geetnjaliuniversity.com,,
Glocal University,vc@theglocaluniversity.in,registrar@theglocaluniversity.in,,
G D Goenka University,vc@gdgu.org,reg@gdgu.org,,
G H Raisoni University,vc@ghru.edu.in,sophia.ansari@raisoni.net,,
G H Raisoni University,vc.amravati@ghru.edu.in,dilip.shah@ghru.edu.in,,
G H Raisoni University,snehil.jaiswal@ghru.edu.in,registrar.amravati@ghru.edu,,
GIET University,vc@giet.edu,registrar@giet.edu,,
Amity University Jharkhand,vc@rnc.amity.edu,registrar@rnc.amity.edu,,
GLA University,vc@gla.ac.in,registrar@gla.ac.in,,
GNA University,vc@gnauniversity.edu.in,registrar@gnauniversity.edu.in,,
Goa University,vc@unigoa.ac.in,registrar@unigoa.ac.in,,
Gokhale Institute of Politics &Economics,rajasparchure@gmail.com,registrar@gipe.ac.in,,
Gondwana University,vc@gondwana.digitaluniversity.ac,gug.registrar@gmail.com,,
Govind Ballabh Pant University of Agriculture& Technology,vcgbpuat@gmail.com,registrar_pantversity@rediffmail.com,,
Govind Guru Tribal University,vc@ggtu.ac.in,registrar@ggtu.ac.in,,
Graphic Era,vicechancellor@geu.ac.in,registrar@geu.ac.in,,
Gujarat Ayurved University,vicechancellor@ayurveduniversity.com,info@ayurveduniversity.com,,
Amity University Madhya Pradesh,vcaump@gwa.amity.edu,,,
Amity University Madhya Pradesh,registraraump@gwa.amity.edu,,,
Gujarat Forensic ScincesUniversity,dg@gfsu.edu.in,registrar@gfsu.edu.in,,
Gujarat National Law University,vc@gnlu.ac.in,registrar@gnlu.ac.in,,
Gujarat Technological University,vc@gtu.ac.in,registrar@gtu.ac.in,,
Gujarat Univer,vc@gujaratuniversity.ac.in,registrar@gujaratuniversity.ac.in,,
Gujarat Vidyapith,vc@gujaratvidyapith.org,registrar@gujaratvidyapith.org,,
Gulbarga University,vcgug@rediffmail.com,registrargug@rediffmail.com,,
Guru Angad Dev Veterinary and Animal Sciences University,vcgadvasu@gmail.com,registrargadvasu@gmail.com,,
Guru GhasidasVishwavidyalaya,vcpaggu@yahoo.com,ggv.registrar@gmail.com,,
Guru Gobind Singh Indraprastha University,drvermamahesh@gmail.com,registrar@ipu.ac.in,,
Guru Jambheshwar University of Science & Technology,vc_gju@yahoo.co.in,registrar@gjust.org,,
Amity University Mumbai,dsrao@mum.amity.edu,registraraum@mum.amity.edu,,
Guru Kashi University,vc@gku.ac.in,registrar@gku.ac.in,,
Guru Nanak Dev University,vcgndu@gmail.com,,,
Guru Nanak Dev University,reg_gndu@yahoo.com,,,
Gurugram University,gurugramuniversity@gmail.com,,,
Gurukula Kangri Vidyapeeth,vcoffice@gkv.ac.in,registrar@gkv.ac.in,,
Haridev Joshi University of Journalism and Mass CommunicationInforma,nfo@hjuj.ac.in,,,
Hemchand Yadav Vishwavidyalaya,vicechancellor@durguniversity.ac.in,registrar@durguniversity.ac.in,,
Hemchandracharya North Gujarat University,vc@ngu.ac.in,regi@ngu.ac.in,,
Hemwati Nandan Bahuguna Garhwal University,hnbguvc@gmail.com,registrar.hnbgu@gmail.com,,
Hemwati Nandan Bahuguna Uttarakhand Medical Education University,hchandra555@gmail.com,info.hnbumu,,
Amity University Rajasthan, Jaipur,vcaur@jpr.amity.edu,registaraur@jpr.amity.edu,
Hidayatullah National Law University,vc@hnlu.ac.in,registrar@hnlu.ac.in,,
Himachal Pradesh National Law University,vc@hpnlu.ac.in,registrar@hpnlu.ac.in,,
Himachal Pradesh Technical University,vchptu@gmail.com,registrarhimtu@gmail.com,,
Himachal Pradesh University,vc_hpu@hotmail.com,registrar.hpu@gmail.com,,
jimalayan Garhwal University,@gmail.com,registrar@hgu.ac.in,,
Himalayan University,yc@himalayanuniversity.com,,,
Himalayan University,nfo@himalayanuniversity.com,,,
Himgiri Zee University,rakesh.ranjan@hzu.edu.in,bk.ambasta@hzu.edu.in,,
Hindustan Institute of Technology and Science,vc@hindustanuniv.ac.in,registrar@hindustanuniv.ac.in,,
Indian Institute of Engineering Science and Technology,director@iiests.ac.in,regis@iiests.ac.in,,
Amity University Uttar Pradesh,vcauup@amity.edu,registrar@amity.edu,,
Indian Institute of Foreign Trade,@iift.ac.in,registrar@iift.ac.in,,
Indian Institute of Information Technology,@iiita.ac.in,registrar@iiita.ac.in,,
Indian Institute of Science,@iisc.ac.in,registrar@iisc.ac.in,,
Indian Institute of Science Education and Research,director@iisertvm.ac.in,registrar@iisertvm.ac.in,,
Indian Institute of Science Education and Research,director@iiserb.ac.in,registrar@iiserb.ac.in,,
Indian Institute of Science Education and Research,@iiserpune.ac.in,registrar@iiserpune.ac.in,,
Indian Institute of Science Education and Research,@iisermohali.ac.in,registrar@iisermohali.ac.in,,
Indian Institute of Science Education and Research,@iisertirupati.ac.in,registrar,,
Indian Institute of Science Education and Research,@iisertirupati.ac.in;,,,
Indian Institute of Space Science and Technology,@iist.ac.in,registrar@iist.ac.in,,
Indian Institute of Teacher Education,vc@iite.ac.in,registrar@iite.ac.in,,
Amity University Kolkata,vc@kol.amity.edu,srchowdhury@kol.amity.edu,,
Indian Institute of Technology Bombay,@iitb.ac.in,registrar@iitb.ac.in,,
Indian Institute of Technology Delhi,director@admin.iitd.ac.in,registrar@admin.iitd.ac.in,,
Indian Institute of Technology Guwahati,@iitg.ac.in,registrar@iitg.ac.in,,
Indian Institute of Technology Kanpur,director@iitk.ac.in,registrar@iitk.ac.in,,
Indian Institute of Technology Kharagpur,@iitkgp.ernet.in,registrar@hij,,
Indian Institute of Technology Madras,director@iitm.ac.in,,,
Indian Institute of Technology Madras,registrar@iitm.ac.in,,,
Indian Institute of Technology Roorkee,@iitr.ac.in,registrar@iitr.ac.in,,
Indian Institute of Technology Varanasi,director@iitbhu.ac.in,registrar@iitbhu.ac.in,,
Indian Law Institute,@ili.ac.in,registrar@ili.ac.in,,
Amrita Vishwa Vidyapeetham,vcoffice@amrita.edu,univhq@amrita.edu,,
Indian Maritime University,vc@imu.co.in,registrar@imu.ac.in,,
Indian School of Mines University,directot@iitism.ac.in,registrar@iitism.ac.in,,
Indian Statistical Institute,sanghami@isical.ac.in,goutam,,
Indian Statistical Institute,@isical.ac.in,,,
Indian Veterinary Research Institute,director@ivri.res.in,registrar@ivri.res.in,,
Indira Gandhi Delhi Technical University for Women,vc@igdtuw.ac.in,registrar@igdtuw.ac.in,,
Indira Gandhi Institute of Development Research,@igidr.ac.in,registrar@igidr.ac.in,,
Indira Gandhi Krishi Viswavidyalaya,vcigkv@gmail.com,regiigkv@gmail.com,,
Indira Gandhi National Open University,vc@ignou.ac.in,registrar@ignou.ac.in,,
Indira Gandhi National Tribal University,vc@igntu.ac.in,tregistrar@igntu.ac.in,,
Indira Gandhi University,vc@igu.ac.in,registrar@igu.ac.in,,
Anand Agricultural University,vc@aau.in,registrar@aau.in,,
Indira Kala Sangeet Vishwavidyalaya,vc@iksv.ac.in,registrar@iksv.ac.in,,
Indraprastha Institute of Information Technology,@iiitd.ac.in,registrar,,
Indus International University,vc@iiuedu.in,registrar@iiuedu.in,,
Indus University,vc@indusuni.ac.in,registrar@indusuni.ac.in,,
Institute of Advanced Studies in Education,vc@iaseuniversity.org.in,oncampus@iaseuniversity.org.in,,
Institute of Chemical Technology,vce@ictmumbai.edu.in,registrar@ictmumbai.edu.in,,
International Institute for Population Sciences,@iips.net,,,
International Institute for Population Sciences,registrar@iips.net,,,
International Institute of Information Technology,director@iiit.ac.in,registrar@iiit.ac.in,,
Andhra University,vicechancellor@andhrauniversity.edu.in,,,
Andhra University,registrar@andhrauniversity.edu.in,,,
Invertis University,vc@invertis.org,registrar@invertis.org,,
Islamic University of Science &Technology,vc@islamicuniversity.edu.in,registrar@islamicuniversity.edu.in,,
1 E C University,vicechancellor@iecuniversity.com,registrar@iecuniversity.com,,
1 E S University,vice.chancellor@iesbpl.ac.in,registrar@iesbpl.ac.in,,
1 FT M University,vc@iftmuniversity.ac.in,registrar@iftmuniversity.ac.in,,
11H MR University,pgupta@iihmr.edu.in,gautam@iihmr.edu.in,,
IILM University,sujata.shahni@iilm.edu,lalit.kapoor@iilm.edu,,
1K Gujral Punjab Technical University,vc@ptu.ac.in,registrar@ptu.ac.in,,
1 MS Unison University,vc@iuu.ac,registrar@iuu.ac,,
1S B M University,nand.mahalwar@isbmuniversity.edu.in,,,
1S B M University,b.bhol@isbmuniversity.edu.in,,,
Academy of Scientific and Innovative Research,@acsir.res.in,arpita.acsir@acsir.res.in,,
Anna University,ve@annauniv.edu,,,
Anna University,registrar@annauniv.edu,,,
IT M University,vc.raipur@itmuniversity.org,registrargeneral@itm.edu,,
1TM University Gwalior,vc@itmuniversity.ac.in,registrar@itmuniversity.ac.in,,
1 T M Vocational University,ksmurthy@itmvu.in,registrar@itmvu.in,,
Jadavpur University,vc@admin.jdvu.ac.in,registrar@admin.jdvu.ac.in,,
Jagadguru Ramanandacharya Rajasthan Sanskrit University,jrrsu@yahoo.com,profsubh@gmail.comwww.jrrsanskrituniversity.ac.in,,
Jagadguru Rambhadracharya Handicapped University,profyogeshdubey@gmail.com,jrhuniversity@yahoo.comFAX,,
Jagan Nath University,vc@jagannathuniversityncr.ac.in,,,
Jagan Nath University,registrar@jaganathuniversityncr.ac.in,,,
Jagan Nath University,vc@jagannathuniversity.org,registrar,,
Jagan Nath University,@jagannathuniversity.org,,,
Jagran Lake-City University,vc@jlu.edu.in,registrar@jlu.edu.in,,
Jai Narain Vyas University,vcjnvu@gmail.com,jnvuregistrar1962@gmail.com,,
Annamalai University,uvcvm@gmail.com,au_regr@ymail.com,,
Jai Prakash Vishwavidyalaya,n,regipuchapra@gmail.com,,
JAIN,vc@jainuniversity.ac.in,registrar@jainuniversity.ac.in,,
Jain Vishva Bharati Institute,vc@jvbi.ac.in,jvbiladnun@gm:,,
Jaipur National University,vc@jnujaipur.ac.in,convenor,,
Jaipur National University,bhmct@seedlingacademy.com,,,
Jamia Hamdard,vc@jamiahamdard.ac.in,ssakhtar@jamiahamdard.ac.in,,
Jamia Milita tsiamia,vc@jmi.ac.in,registrar@jmi.ac.in,,
Jananayak Chandrashekhar University,yogendrasinghvcjncu@gmail.com,jncuballia@gmail.com,,
Janardan Rai Nagar Rajasthan Vidyapeeth,vc@jrnrvu.edu.in,registrar@jrnrvu.edu.in,,
Jawaharlal Nehru Architecture and Fine Arts University,vc@jnafau.ac.in,registrar@jnafau.ac.in,,
Jawaharlal Nehru Technological University Anantapur,vc@jntua.ac.in,registrar@jntua.ac.in,,
Apeejay Stya University,vc@asu.apeejay.edu,registrar@asu.apeejay.edu,,
Jawaharlal Nehru Technological University Kakinada,vc@jntuk.edu.in,registrar@jntuk.edu.in,,
Jawaharlal Nehru Technological University Hyderabad,vcjntu@jntuh.ac.in,pa2registrar@jntuh.ac.in,,
Jawaharlal Nehru University,vc@mail.jnu.ac.in,registrar@mail.jnu.ac.in,,
Jayoti Vidyapeeth Women’s University,president@jnwu.ac.in,registrar@jnwu.ac.in,,
Jaypee Institute of Information Technology,sc.saxena@jiit.ac.in,raju.sangal@jiit.ac.in,,
Jaypee University of Engineering and Technology,vc@juet.ac.in,registrar@juet.ac.in,,
Jaypee University of Information Technology,vinod.kumar@juit.ac.in,registrar@juit.ac.in,,
J CBose University of Science &Technology,yc@ymcaust.ac.in,registrar@ymcaust.ac.in,,
Jharkhand Rai University,vc@jru.edu.in,registrar@jru.edu.in,,
Jharkhand University of Technology,vc@jnafau.ac.in,svsahu81@gmail.com,,
Apex Professional University,vicechancellore@apexuniversity.edu.in,,,
IIS University,vc@j,,,
Jiwaji University,vcjugwir@hotmail.com,,,
Jiwaji University,jureg_gwl@rediffmail.com,,,
JK LakshmipatUniversity,vc@jklu.edu.in,registrar@jklu.edu.in,,
Jodhpur National University,vc@jodhpurnationaluniversity.com,info@jodhpurnationaluniversity.com,,
JG University,:chandranmp@jguni.in,registrar@jguniversity.org,,
JSS Academy of Higher Education & Research,vc@jssuni.edu.in,registrar@jssuni.edu.in,,
Junagadh Agricultural University,vc@jau.in,registrar@jau.in,,
Kadi Sarva Vishwavidyala,registrar@ksvuniversity.org.in,,,
Kakatiya University,vc@kakatiya.ac.in,,,
Kakatiya University,,registrar@kakatiya.ac.in,,
Kalasalingam Academy of Research and Education,kluvc@klu.ac.in,registrar@klu.ac.in,,
Apex University,nfo@apexuniversity.co.in,,,
Kalinga Institute of Industrial Technology,vc@kiit.ac.in,,,
Kalinga Institute of Industrial Technology,,registrar@kiit.ac.in,,
Kalinga University,vc.kalingauniversity.ac.in,registrar@kalingauniversity.ac.in,,
Kaloji Narayan Rao University of Health Sciences,knruhswgl15@gmail.com,,,
Kameshwara Singh Darbhanga Sanskrit University,ksdsuvc@gmail.com,ksdsureg@gmail.com,,
Kannada University,kannadamallika@gmail.com,kannadauniversity@gmail.com,,
Kannur University,vc@knruty@gmail,registrar@kannuruniv.ac.in,,
Karnataka Janapada Vishwavidyalaya,@gmail.com,drchandrurer2008@gmail.com,,
Karnataka Samskrit University,@gmail.com,registrarksu@gmail.com,,
Karnataka State Akkamahadevi Women’s University,vc@kswu.ac.in,registrar.kswub@gmail.com,,
Karnataka State Law University,ksluvcs@gmail.com,kslu.registrar@gmail.com,,
AP Goyal Shimla University,ve@agu.edu.in,registrar@agu.edu.in,,
Karnataka State Open University,vcksou@gmail.com,registrar@ksoumysore.edu.in,,
Karnataka State Rural Development and Panchayat Raj University,vc.ksrdpru@gmail.com,svnadagoudar,,
Karnataka State Rural Development and Panchayat Raj University,@rediffmail.com,,,
Karnatak University,vc@kud.ac.in,registrar@kuddharwad@gmail.com,,
Karnavati University,@karnavatiuniversity.com,registrar@karnavatiuniversity.com,,
Karpagam Academy of Higher Education,vc@kahedu.edu.in,registrar@kahedu.edu.in,,
Karunya Institute of Technology & Science,vc@karunya.edu,,,
Karunya Institute of Technology & Science,registrar@karunya.edu,,,
Kavayitri Bahinabai Chaudhari North Maharashtra University,vco@nmu.ac.in,registrar@nmu.ac.in,,
Kavikulaguru Kalidas Sanskrit Vishwavidyalaya,kksuvc@gmail.com,registrar@kksu.org,,
Kazi Nazrul University,vc@knu.ac.in,registrar@knu.ac.in,,
Kerala Agricultural University,vc@kau.in,registrar@kau.in,,
AP J Abdul Kalam Technological University/,vc@ktu.edu.in,registrar@ktu.edu.in,,
Kerala University of Fisheries and Ocean Studies,vc@kufos.ac.in,registrar@kufos.ac.in,,
Kerala University of Health Sciences,vc@kuhs.ac.in,registrar@kuhs.ac.in,,
Kerala Veterinary and Animal Sciences University,vc@kvasu.ac.in,registrar@kvasu.ac.in,,
Khallikote University,vc@khallikotuniversity.ac.in,,,
Khaja BandanawazUniversity,mpathan1@gmail.com,rajasabSS@gmail.com,,
Khwaja Moinuddin Chishti LangugeUniversity,vcuafulucknow@gmail.com,upuafulucknow@gmail.com,,
KLE Academy of Higher Education & Research,vivek.saoji@kledeemeduniversity.edu.in,drvdpatil@jnmc.edu,,
KLE Techlogical University,vc@kletech.ac.in,bldesai@kletech.ac.in,,
Kolhan University,vckolhanuniv@gmail.com,registrarku2009@gmail.com,,
Koneru Lakshmaiah Education Foundation,vc@kluniversity.in,registrar@kluniversity.in,,
Arni University,ve@arni.in,registrar@arni.in,,
Krantiguru Shyamji Krishna Verma Kachchh University,vcokskvku@gmail.com,registrar.kskvku@gmail.com,,
Krishna Institute of Medical Sciences,vc@kimskarad.in,registrar@kimskarad.in,,
Krishna Kanta Handiqui State Open University,vc@kkhsou.in,registrar@kkhsou.in,,
Krishna University,vicechancellorku@gmail.com,registrarku@gmail.com,,
K R Mangalam University,ve@krmangalam.edu.in,registrar@krmangalam.edu.in,,
Kumaun University,vc@kunainital.ac.in,registrar@kunainital.ac.in,,
Kurukshetra University,vc@kuk.ac.in,registrarkuk@gmail.com,,
Kushabhau Thakre Patrakarita AvamJansanchar Vishwavidyalaya,kulpati@ktujm.ac.in,kulsachiv@ktujm.ac.in,,
Kuvempu University,vc@kuvempu.ac.in,,,
Kuvempu University,kureg14@gmail.com,,,
Lakshmibai National Institute of Physical Education,vc@Inipe.edu.in,registrar@Inipe.edu.in,,
Arunachal University of Studies,ve@arunachaluniversity.ac.in,registrar@arunachaluniversity.ac.in,,
Lala Lajpat Rai University of Veterinary and Animal Sciences,vc@luvas.edu.in,,,
Lala Lajpat Rai University of Veterinary and Animal Sciences,registrar@luvas.edu.in,,,
Lalit Narayan Mithila University,vc@Inmu.ac.in,registrar@Inmu.ac.in,,
Lingaya’sVidyapeeth,vc@lingayasuniversity.edu.in,registrar,,
Lingaya’sVidyapeeth,@lingayasuniversity.edu.in,,,
LNCT University,mailnkpathak@gmail.com,rajkishorechaurasia@gmail.com,,
LN M Institute of Information Technology,@Inmiit.ac.in,registrar@Inmiit.ac.in,,
Lovely Professional University,vc.office@|pu.co.in,registrar@|pu.co.in,,
Madan Mohan Malaviya University of Technology,ve@mmmut.ac.in,registrar@mmmut.ac.in,,
Madhav University,president@madhavuniversity.edu.in,registrar@madhavuniversity.edu.in,,
Madhya Pradesh Bhoj,mpbou@gmail.com,registraroffice,,
Madhya Pradesh Bhoj,mpbou@gmail.com,,,
Madurai Kamaraj University,vermku@mkuniversity.org,,,
Madurai Kamaraj University,,mkuregistrar@rediffmail.com,,
Arunodaya University,ve@arunodayauniversity.ac.in,registrar@,,
Magadh University,vc-mu-bih@nic.in,registrar-mu-bih@nic.in,,
Maharaja Agrasen University,vc@mau.ac.in,registrar@mau.ac.in,,
Maharaja Bir Bikram University,@gmail.com,registrar,,
Maharaja Bir Bikram University,mbbu@gmail.com,,,
Maharaja Chhatrasal Bundelkhand University,mchhatrasalunversity@gmail.com,,,
Maharaja Ganga Singh University,vc@mgsubikaner.ac.in,registrar@mgsubikaner.ac.in,,
Maharaja Krishnakumarsinhji Bhavnagar University,ve@mkbhavuni.edu.in,,,
Maharaja Krishnakumarsinhji Bhavnagar University,registrar@mkbhavuni.edu.in,,,
Maharaja Ranjit Singh Punjab Technical University,vc@mrsptu.ac.in,reg@mrsptu.ac.in,,
Maharaja Sayajirao University of Baroda,ve@msubaroda.ac.in,registrar@msubaroda.ac.in,,
Maharaja Surajmal Brij University,vc@msbrijuniversity.ac.in,registrar@msbrijuniversity.ac.inFAX,,
Maharaja Vinayak Global University,president@mvgu.ac.in,registrar@mvgu.ac.in,,
Acharya Nagarjuna University,nu_vc@yahoo.co.in,registraranu@yahoo.co.in,,
Aryabhatta Knowledge University,ve@akubihar.ac.in,registrar@akubihar.ac.in,,
Maharana Pratap University of Agriculture & Technology,vc@mpuat.ac.in,registrar@mouat.ac.in,,
Maharashtra Animal & Fishery Sciences University,vcmafsu@gmail.com,registrarmafsu@yahoo.co.in,,
Maharashtra National Law University,‘registrar@mnlumumbai.edu.in,,,
Maharashtra National Law University,vc@nlunagpur.ac.in,registrar@nlunagpur.ac.in,,
Maharashtra University of Health Sciences,vc@muhs.ac.in,registrar@muhs.ac.in,,
Maharishi Arvind University,subhashbardia@gmail.com,registrar@,,
Maharishi Mahesh Yogi Vedic Vishwavidalaya,mmyvv@gmail.com,,,
Maharishi Mahesh Yogi Vedic Vishwavidalaya,mmywvregistrar@gmail.com,,,
Maharishi Markandeshwar,pstovc@mmumullana.org,Registrarmmu@mmumullana.org,,
Maharishi Markandeshwar University,ve@mmambala.org,registrar@mmambala.org,,
Maharishi Markandeshwar University,vce@mmusolan.org,registrarmmusolan@gmail.com,,
Assam Agricultural University,vc@aau.ac.in,registrar@aau.ac.in,,
Maharishi University of Management & Technology,Pankaj.chande@gmail.com,mumt.registrar1@gmail.com;,,
Maharishi Valmiki Sanskrit University,ve@mvsumktl.ac.in,registrar@mvsumktl.ac.in,,
Maharshi Dayanand Saraswati University,verndsuajmer@gmail.com,registrarmdsu@gmail.com,,
Maharshi Dayanand University,vc@mdurohtak.ac.in,registrar@mdurohtak.ac.in,,
Maharshi Panini Sanskrit Evam Vedic Vishwavidyalaya,vernpsvw@gmail.com,regpsvwwmp,,
Maharshi Panini Sanskrit Evam Vedic Vishwavidyalaya,@rediffmail.com,,,
Mahatma Gandhi Antarrashtriya Hindi Vishwavidyalaya,vc@hind,,,
Mahatma Gandhi Antarrashtriya Hindi Vishwavidyalaya,wa.org,registrar.nmgahv@gmail.com,,
Mahatma Gandhi Central University,vc@mgcub.ac.in,osdadmin@mgcub.ac.in,,
Mahatma Gandhi ChitrakootGramodayVishwavidyalay,vc.gramodaya@gmail.com,mgcgv@rediffmail.com,,
Mahatma Gandhi Kashi Vidyapith,vemgkvp@gmail.com,registrar.mgkvp@gmail.com,,
Mahatma Gandhi University,vc@mgu.ac.in,registrar@mgu.ac.in,,
Assam Don Bosco University,mavely@dbuniversity.ac.in,registrar@dbuniversity.ac.in,,
Mahatma Gandhi University,vc@mgu.edu.in,registrar@mgu.edu.in,,
Mahatma Gandhi University,@yahoo.com,registrar_mgu@yahoo.com,,
Mahatma Jyotiba Phule Rohilkhand University,vcoffice@mijpru.ac.in,registrarmjpru@gmail.com,,
Mahatma Jyoti Rao PhooleUniversity,mjrpg@rediffmail.com,info@mjrpuniversity.com,,
Mahatma Phule Krishi Vidyapeeth,vempkv@rediffmail.com,registrar.mpkv@nic.in,,
Makhanlal Chaturvedi National University of Journalism and Communication,vemcubhopal@gmail.com,,,
Makhanlal Chaturvedi National University of Journalism and Communication,registrarmcu@gmail.com,,,
Malaviya National Institute of Technology/nstitute of National importa,director@mnit.ac.in,registrar@mnit.ac.in,,
Malwanchal University,vc@malwanchaluniversity.com,registrar@malwanchaluniversity.com,,
Manav Bharati University,vc@manavbhartiuniversity.edu.in,,,
Manav Rachna International Institute of Research & Studies |,vc@mriu.edu.in,registrar@mriu.edu.in,,
Assam Rajiv Gandhi University of Cooperative Management,munink@yahoo.com,d.bora.bnc@gmail.com,,
Manav Rachna University,vc@mru.edu.in,registrar@mru.edu.in,,
Mangalayatan University,vc@mangalayatan.edu.in,registrar@mangalayatan.edu.in,,
Mangalore University,vc@mangaloreuniversity.ac.in,registrar@mangaloreuniversity.ac.in;,,
Manipal Academy of Higher Education,vicechancellor@manipal.edu,registrar@manipal.edu,,
Manipal University,vc@jaipur.manipal.edu,registrar@jaipur.manipal.edu,,
Manipur University,vcoffice@manipuruniv.ac.in,registrar@manipuruniv.ac.in,,
Manonmaniam Sundaranar University,vcofficemsu@msuniv.ac.in,registrar@msuniv.ac.in,,
Mansarovar Global University,vc@mguindia.com,registrar@mguind,,
Martin Luther Christian University,vc@micuniv.in,registrar@mlcuniv.in,,
Marwadi University,provost@marwadiuniversity.ac.in,registrar@marwadiuniversity.ac.in,,
Assam Science and Technology University,dhirajboraipr@gmail.com,registrar.astu@gmail.com,,
MATS University,vc@matsuniversity.ac.in,registrar@matsuniversity.ac.in,,
Maulana Abul Kalam Azad University of Technology,vc@wbut.ac.in,,,
Maulana Abul Kalam Azad University of Technology,,registrar@wbut.ac.in,,
Maulana Azad National Institute of Technology,director@manit.ac.in,,,
Maulana Azad National Institute of Technology,registrar@manit.ac.in,,,
Maulana Azad National Urdu University,vc@manuu.edu.in,registrar@manuu.ed,,
Maulana Mazharul Haque Arabic and Persian University,vc-mmhu-bih@nic.in,registrar-mmhu-bih@nic.in,,
Medi-Caps University,vc@medicaps.ac.in,registrar@medicaps.ac.in,,
Meenakshi Academy of Higher Education and Research,neelsomfs@gmail.com,araninandu@gmail.com,,
Mewar University,vp@mewaruniversity.org,registrar@mewaruniversity.org,,
Mizoram University,vc@mzu.edu.in,registrar@mzu.edu.in,,
Mohammad Ali Jauhar University,vcmaju@live.com,registrar@,,
Assam University,ve@aus.ac.in,,,
Assam University,registrar@aus.ac.in,,,
Mohanlal Sukhadia University,vernlsu@mlsu.ac.in,,,
Mohanlal Sukhadia University,registrar@milsu.ac.in,,,
Monad University,ve@monad.edu.in,registrar@monad.edu.in,,
Motherhood University,ve@motherhooduniversity.edu.in,registrar@motherhooduniversity.edu.in,,
Mother Teresa Women’s University,vemtwu@gmail.com,registrar.mtwu@gmail.com,,
Motilal Nehru National Institute of Technology/nstitution ofNationallmportan,director@mnnit.ac.in,registrar@mnnit.ac.in,,
Munger University,profrkverma@gmail.com,pravirjha21@gmail.com,,
MGM Institute of Health Sciences,ve@mgmuhs.com,registrar@mgmuhs.com,,
MGM University,vc@mgmu.ac.in,registrar@mgmu.ac.in,,
MIT Art, Design and Technology University,vicechancellor@mituniversity.edu.in,registrar@mituniversity.edu.in,
MS Ramaiah University of Applied Sciences,vc@msruas.ac.in,registrar@msruas.ac.in,,
Atal Bihari Vajpai Hindi Vishwavidyalaya,ramdevbharadwaj47@gmail.com,sunilpare21,,
MVN University,vc@mvn.edu.in,registrar@mvn.edu.in,,
Nagaland University,vc@nagalanduniversity.ac.in,registrar@nagalanduniversity.ac.in,,
Nalanda Open University,nou@nou.ac.in,,,
Nalanda University,vcnalanda@gmail.com,registrar@nalandauniv.edu.in,,
NALSAR University of Law,vc@nalsar.ac.in,registrar@nalsar.ac.in,,
Narendra Deva University of Agriculture & Technology,venduat2018@gmail.com,registrar.nd.15@gmail.com,,
National Dairy Research Institute,dir@ndri.res.in,susanta_saha_1@yahoo.co.in,,
Natinonal Institute of Design,director@nid.edu,,,
Natinonal Institute of Design,registrar@nid.edu,,,
National Institute of Educational Planning & Administration,vc@niepa.ac.in,registrar@niepa.org,,
National Institute of Fashion Technology,dg@nift.ac.in,,,
National Institute of Fashion Technology,registrarestt@nift.ac.in,,,
Atal Bihari Vajpayee Indian Institute of Information Technology & Management/,r@iiit,,,
Atal Bihari Vajpayee Indian Institute of Information Technology & Management/,strar@iiitm.ac.in,,,
National Institute of Food Technology Entrepreneurships & Management,vc@niftem.ac.in,registrar@niftem.ac.in,,
National Institute of Mental Health & Neuro Sciences,dirstaff@nimhans.ac.in,regt@nimhans.ac.in,,
National Institute of Pharmaceutical Education and Research,director@niper.ac.in,,,
National Institute of Pharmaceutical Education and Research,registrar@niper.ac.in,,,
National Institute of Technology,directornitap@ac.in,,,
National Institute of Technology,registrar@nitap.ac.in,,,
National Institute of Technology,director@nits.ac.in,registrar@nits.ac.in,,
National Institute of Technology Goa,director@nitgoa.ac.in,registrar@nitgoa.ac.in,,
National Institute of Technology,director@nitkkr.ac.in,,,
National Institute of Technology,registrar@nitkkr.ac.in,,,
National Institute of Technology/nstitution of Nationallmporta,director@nith.ac.in,,,
National Institute of Technology/nstitution of Nationallmporta,registrar@nith.ac.in,,,
National Institute of Technology, Karnataka,Idirector@nitk.edu.in,registrar@nitk.edu.in,
National Institute of Technology,director@nitc.ac.in,registrar@nitc.ac.in,,
Atal Bihari Vajpayee Vishwavidyalaya,gduttasharma@yahoo.co.in,registrar@bilaspuruniversity.ac.in,,
National Institute of Technology,director@nitrkl.ac.in,,,
National Institute of Technology,registrar@nitrkl.ac.in,,,
National Institute of Technology,director@nitt.edu,,,
National Institute of Technology,registrar@nitt.edu,,,
National Institute of Technology,director@nitw.ac.in,,,
National Institute of Technology,registrar@nitw.ac.in,,,
National Institute of Technology/,miyadirector@gmail.com,registrar@nita.ac.in,,
National Institute of Technology,director@admin.nitdgp.ac.in,registrar@admin.nitdgp.ac.in,,
Natinonal Institute of Technology Uttarakhand,shyamsoni@gmail.com,registrar@nituk.ac.in,,
Natinonal Law Institute University,director@nliu.ac.in,registrar@nliu.ac.in,,
National Law School of India University,@nls.ac.in,registrar@nls.ac.in,,
National Law University,vc@nludelhi.ac.in,registrar@nludelhi.ac.in,,
National Law University,vc@nluo.ac.in,registrar@nluo.ac.in,,
Atmiya University,provost@atmiyauni.ac.in,registrar@atmiyauni.ac.in,,
National Law University,nlu-jod-rj@nic.in,sharmas!2012@gmail.com,,
National Law University and Judicial Academy Assam,vc@nluassam.ac.in,registrar@nluassam.ac.in,,
National Museum Institute of History of Art, Conservation and Museology,dg.nmnd@gov.in,registrar.nmi@gov.in,
National Sports University,secy-sports@nic,,,
Nava Nalanda Mahavihara,vc@nnm.ac.in,nnmregistrar@gmail.com,,
Navrachna University,provost@nuv.ac.in,registrar@nvu.ac.in,,
Navsari Agricultural University,vc@nau.in,registrar@nau.in,,
Nehru Gram Bharati,vice.chancellor@ngbu.edu.in,registrar@ngbu.edu.in,,
Netaji Subhash Open University,@gmail.com,registrar@wbnsou.ac.in,,
Netaji Subhas University of Technology,vc@nsut.ac.in,registrar@nsut.ac.in,,
Acharya N G Ranga Agricultural University,vicechancellorangrau@gmail.com,registrarangrau@gmail.com,,
Auro University,vc@aurouniversity.edu.in,registrar@aurouniversity.edu.in,,
Nilamber Pitamber University,vcnpu09@gmail.com,registrarnpu09@gmail.com,,
Nirma University,dg@nirmauni.ac.in,exe_registrar@nirmauni.ac.in,,
Nizam’s Institute of Medical Sciences,director@nims.edu.in,,,
NIILM University,vc@niilmuniversity.in,registrar@niilmuniversity.in,,
NIIT University,vsrao@niituniversity.in,registrar@niituniversity.in,,
NIMS University,registrar@nimsuniversity.org,,,
NITTE,vc@nitte.edu.in,reg@nitte.edu.in,,
NOIDA International University,vc@niu.edu.in,registrar@niu.edu.in,,
Noorul Islam Centre for Higher Education,vc@niuniv.com,nichereg@gmail.com,,
North East Frontier Technical University,nfo@neftu.ac.in,,,
Avinashilingam Institute for Home Science and Higher Education for Women,ve@avinuty.ac.in,registrar@avinuty.ac.in,,
North Eastern Hill University,vc@nehu.ac.in,regtroffice@nehu.ac.in,,
North Eastern Regional Institute of Science & Technology,director@nerist.ac.in,registrar@nerist.ac.in,,
North Orissa University,vconou@rediffmail.com,registrarnou123,,
North Orissa University,@gmail.com,,,
Odisha State Open University,vc@osou.ac.in,m.pujari@osou.ac.in,,
Odisha University of Agriculture and Technology,vcouat@gmail.com,registrarouat@gmail.com,,
OM Sterling Global University,vc@osgu.ac.in,registrar@osgu.ac.in,,
Oriental University,vc@orientaluniversity.in,registrar@orientaluniversity.in,,
Osmania University,vc@osmania.ac.in,registrar@osmania.ac.in,,
O P Jindal Global University,vc@jgu.edu.in,registrar@jgu.edu.in,,
OP Jindal University,vce@opju.ac.in,registrar@opju.ac.in,,
Awadhesh Pratap Singh University,vcapsu@gmail.com,regapsu@gmail.com,,
Pacific Academy of Higher Education and Research University,president@pacific-university.ac.in,registrar@pacific-university.ac.in,,
Pacific Medical University,vicechancellorpmu@gmail.com,pmu.registrar@gmail.com,,
Padmashree Dr D Y Patil Vidyapeeth,vc.office@dypatil.edu,registrar.office@dypatil.edu,,
PalamuruUniversity,rajarathnam1960@gmail.com,registrarputg@gmail.com,,
Pandit Bhagwat Dayal Sharma University of Health Sciences,vicechancellor.uhsr@gmail.com,registrar.uhsrohtak@gmail.com,,
Pandit Deendayal Petroleum University,dg@pdpu.ac.in,registrar@pdpu.ac.in,,
Pandit Deendayal Upadhyay Memorial Health Sciences and AyushUniveristy of Chhattisgarh,healthuiversitycg@yahoo.com,rhishikar@gmail.com,,
Pandit Deendayal Upadhyayaya ShekhawatiUniversitySikar,vc.shekhauni@gmail.com,reg.shekhauni@gmail.com,,
Pandit Dwarka Parasad Mishra Indian Institute of InformationTechnology Design and,sj.director@iiitdmj.ac.in,registrar@iiitdmj.ac.in,,
Pandit Lakhmi Chand State University of Performing and Visual Arts,vc.supva@gmail.com,registrar.plcsupva@gmail.com,,
Azim Premji University,nurag.behar@azimpremjifoundation.org,,,
Azim Premji University,manoj.p@azimpremjifoundation.org,,,
Pandit Ravishankar Shukla University,verma_kl@rediffmail.com,sandeepvansutre@gmail.com,,
Pandit Sundarlal Sharma,vc@pssou.ac.in,registrar@pssou.ac.in,,
Pandit S N Shukla University,mkhistory61@gmail.com,binaykumarsingh13@yahoo.com,,
Panjab University,vc@pu.ac.in,,,
Panjab University,regr@pu.ac.in,,,
Parul University,provost@paruluniversity.ac.in,registrar@paruluniversity.ac.in,,
Patliputra University,gulabchand_jaiswal@yahoo.co.in,registrarppu@gmail.com,,
Patna University,vc@patnauniversity.ac.in,registrar-pu-bih@nic.in,,
People’s University,vc@peoplesuniversity.edu.in,registrar@peoplesuniverity.edu.in,,
Periyar Maniammal Institute of Science & Technology,vc@pmu.edu,registrar@pmu.edu,,
Periyar University,vcperiyar@gmail.com,registrarperiyar@gmail.com,,
Babasaheb Bhimrao Ambedkar Bihar University/St,vc@brabu.net,registrarbrabu@gmail.com,,
Pondicherry University,vc@pondiuni.edu.in,registrar@pondiuni.edu.in,,
Ponnaiyah Ramajayam Institute of Science &Technology,dr.enyee@yahoo.in,registrar@prist.ac.in,,
Poornima University,kksb@poornima.edu.in,registrar@poornima.edu.in,,
Potti Sreeramulu Telugu University,vc@teluguuniversity.ac.in,registrar@teluguuniversity.ac.in,,
Pratap University,nfo@pratapuniversity.in,,,
Pravara Institute of Medical Sciences,vcpims@pmtpims.org,registrar@pmtpims.org,,
Presidency University,vicechancellor@presidencyuniversity.in,registrar@presidencyuniversity.in,,
Prof. Rajendra Singh,vicechancellorasu@gmail.com,registrarasua@gmail.com,,
Punjab Agricultural University,vc@pau.edu,,,
Punjab Agricultural University,registrar@pau.edu,,,
Punjabi University,vc@pbi.ac.in,registrar@pbi.ac.in,,
Babasaheb Bhimrao Ambedkar University,vc@bbau.ac.in,registrarbbaulko@gmail.com,,
Punyashlok Ahilyadevi Solapur University,vco@sus.ac.in,registrar@sus.ac.in,,
Purnea University,rsingh6361@gmail.com,registrarpurneauniv@gmail.com,,
P DM University,vc@pdm.ac.in,registrar@pdm.ac.in,,
P E C,director@pec.ac.in,registrar@pec.ac.in,,
PES University,vice.chancellor@pes.edu,,,
P P Savani University,parag@ppsu.ac.in,registrar@ppsu.c.in,,
Quantum University,vicechancellir@quantumuniversity.edu.in,registrar@quantumuniversity.edu.in,,
Rabindra Bharati University,vc@rbu.ac.in,registrar@rbu.ac.in,,
Rabindranath Tagore University,vc@aisectuniversity.ac.in,viiay@aisect.org,,
Raffles University,nfo@raflesuniversity.edu.in,,,
Baba Farid University of Health Sciences,officebfuhs@email.com,rbfuhs@gmail.com,,
Rai Technology University,nfo@raitechuniversity.in,,,
Rai University,@raiuniversity.edu,registrar@raiuniversity.edu,,
Raiganj University,nilbhuimali@rediffmail.com,registrar@raiganjuniversity.ac.in,,
Raj Rishi Bhartrihari Matsya University,matsyauniv.alwar@gmail.com,,,
Raja MansinghTomar Music and Arts University,2008@gmail.com,registrar.music2008@gmail.comFAX,,
Rajasthan Technical University,vcofficertu@yahoo.co.in,registar_rtu@yahoo.co.in,,
Rajiv Gandhi National Institute of Youth Development,mmgoel2001@yahoo.co.in,registrar1@gmail.com,,
Rajiv Gandhi National University of Law,vc@rgnul.ac.in,registrar@rgnul.ac.in,,
Rajiv Gandhi Proudyogiki Vishwavidyalaya,vcoffice@rgtu.net,registrarrgpv@gmail.com,,
Rajiv Gandhi University,saket.kushwaha@rgu.ac.in,registrar@rgu.ac.in,,
Baba Ghulam Shah Badshah University,@yahoo.com,registrarbgsbujk@gmail.com,,
Rajiv Gandhi University of Health Sciences,vc@rguhs.ac.in,registrar@rguhs.ac.in,,
Rajiv Gandhi University of Knowledge Technologies,vc@rgukt.in,,,
Raksha Shakti Universtiy,dg@rsu.ac.in,registrar@rsu.ac.in,,
Rama Devi Women's University,vicechancellor@rdwu.ac.in,registrar@rdwu.ac.in,,
Rama University Uttar Pradesh,vc@ramauniversity.ac.in,registrar@ramauniversity.ac.in,,
Ranchi University,vcranchiuniversity@gmail.com,akc.hzb@gmail.com,,
Rani Channamma University,vcrcub@gmail.com,rcuregistrar@gmail.com,,
Rani Durgavati Vishwavidyalaya,rdvvcc1@rediffmail.com,,,
Rashtrasant Tukadoji Maharaj Nagpur University,vc@nagpuruniversity.ni:,,,
Rashtrasant Tukadoji Maharaj Nagpur University,n,registrar@nagpuruniversity.nic,,
Rashtriya Sanskrit Sansthan,rskspvc@yahoo.com,sanskrit.registrar@gmail.com,,
Baddi University of Emerging Sciences and Technology,vc@baddiuniv.ac.in,registrar@baddiuniv.ac.in,,
Rashtriya Sanskrit Vidyapeetha,vc.vidyapeetha@gmail.com,registrar_rsvp@yahoo.co.in,,
Ravenshaw University,vc@ravenshawuniversity.ac.in,registrar@ravenshawuniversity.ac.in,,
Rayalaseema University,vicechancellorru@gmail.com,registrarru@gmail.com,,
Rayat Bahra University,vc@rayatbahrauniversity.edu.in,,,
REVA University,vc@reva.edu.in,registrar@reva.edu.in,,
RIMT University,(c@rimt.ac.in,registrar@rimt.ac.in;,,
RK DF University,vc@rkdf.ac.in,drbnsingh@rkdf.ac.in,,
RK D F University,vc@rkdfuniversity.org,registrar,,
RK D F University,@rkdfuniversity.org;,,,
R K University,vc@rku.ac.in,registrar@rku.ac.in,,
R NB Global University,president@rnbglobal.edu.in,registrar@rnbglobal.edu.in,,
Bahra University,ve@bahrauniversity.edu.in,registrar@bahrauniversity.edu.in,,
Sai Nath University,vc.sainath@gmail.com,sainathuniversity@gmail.com,,
Sai Tirupati University,vc@saitirupatiuniversity.ac.in,,,
SAM Global University,ve@samglobaluniversity.ac.in,registrar@samglobaluniversity.ac.in;,,
Sam Higginbottom University of Agriculture, Technology &Sciences,vicechancellor@shuats.edu.in,registrar@shuats.edu.in,
Sambalpur University,vc@suniv.ac.in,registrar@suniv.ac.in,,
Sampurnanand Sanskrit Vishwavidyalaya,vc@sswv.ac.in,regisrar@sswv.ac.in,,
Sanchi University of Buddhist-Indic Studies/State University)Barla Vidisha-Raisen Road, NH-86,,vc@subis.edu.in,registrar@subis.edu.in
Sandip University,vc@sandipuniversity.edu.in,,,
Sangai International University,sangaiinternationaluniversity@gmail.com,,,
Sangam University,president@sangamuniversity.ac.in,registrar@sangamuniversity.ac.in,,
Adamas Univeristy,ve@adamasuniversity.ac.in,registrar@adamasuniversity.ac.in,,
Banaras Hindu University,vc@bhu.ac.in,registrar@bhu.ac.in,,
Sanjay Gandhi Postgraduate Institute of Medical Sciences,@sgpgi.ac.in,registrar@sgpgi.ac.in,,
Sanjay Ghodawat University,vc@sanjayghodawatuniversity.ac.in,registrar@sanjayghodawatuniversity.ac.in,,
Sant Baba Bhag Singh University,vc@sbbsuniversity.ac.in,registrar@sbbsuniversity.ac.in,,
SanskritiUniversity,vicechancellor@sanskriti.edu.in,registrar@sanskriti.edu.in,,
Sant Gadge Baba Amravati University,vc@sgbau.ac.in,reg@sgbau.ac.in,,
Sant Gahira Guru Vishwavidyalaya,registrarsua@yahoo.co.in,,,
Sant Longowal Institute of Engineering & Technology,director@sliet.ac.in,registrar@sliet.ac.in,,
Sardarkrushinagar Dantiwada Agricultural University,vc@sdau.edu.in,,,
Sardarkrushinagar Dantiwada Agricultural University,registrar@sdau.edu.in,,,
Sardar Patel University,vcspu@yahoo.co.in,registrar_spu@spuvvn.edu,,
Sardar Patel University of Police, Security & Criminal Justice,vc@policeuniversity.ac.in,registrar,
Sardar Patel University of Police, Security & Criminal Justice,@policeuniversity.ac.in,,
Banasthali Vidyapith,saditya@banasthali.ac.in,,,
Banasthali Vidyapith,kishoredharma@yahoo.co.in,,,
Sardar Vallabhbhai Patel National Institute of Technology/,director@svnit.ac.in,registrar@svnit.ac.in,,
Sarvepalli Radhakrishnan University,drsskushwah@hotmail.com,srkubhopal@gmail.com,,
Satavahana University,vcsuknr@gmail.com,registrarsatavahana@gmail.com,,
Sathyabama Institute of Science &Techology,vc@sathyabama.ac.in,registrar@sathyabama.ac.in,,
Saurashtra University,vc@sauuni.ac.in,registrar@sauuni.ac.in,,
Saveetha Institute of Medical & Technical Sciences,vicechancellor@saveetha.com,registrar@saveetha.com,,
Savitribai Phule Pune University,puvc@unipune.ac.in,regis@unipune.ac.in,,
School of Planning and Architecture,director@spavl.ac.in,registrar@spav.ac.in,,
School of Planning and Architecture,director@spabhopal.ac.in,registrar@spabhopal.ac.in,,
School of Planning and Architecture,directorspadoffice@spa.ac.in,registrar@spa.ac.in,,
Bangalore University,vc@bub.ernet.in,bu2registrar@gmail.com,,
SEACOM Skills University,tarafdarmanjusha@gmail.com,registrar.ssubolpur@gmail.com,,
Shanmugha Arts, Science, Technology & Research Academy,vaidhya@sastra.edu,registrar@sastra.edu
Sharda University,vc@sharda.ac.in,registrar@sharda.ac.in,,
Sharnbasva University,vc@sharnbasvauniversity.edu.in,registrar@sharnbasvauniversity.edu.in,,
Sher-e-Kashmir University of Agricultural Sciences and Technology,vc@skuast.org,registrar@skuast.org,,
Sher-e-Kashmir University of Agricultural Sciences and Technologyof Kashmir,vcofficeskuastkashmir@gmail.com,registrar@skuastkashmir.ac.in,,
Shiv Nadar University,vc@snu.edu.in,registrar@snu.edu.in,,
Shivaji University,@unishivaji.ac.in,registrar@unishivaji.ac.in,,
Shobhit Institute of Engineering & Technology,vicechancellor@shobhituniversity.ac.in,registrar@shobhituniversity.ac.in,,
Shobhit University,vcgangoh@shobhituniversity.ac.in,registrargangoh,,
Shobhit University,@shobhituniversity.ac.in,,,
Barkatullah University,buvcmp@nic.in,registrart,,
Shoolini University of Biotechnology and Management Sciences,vc@shooliniuniversity.com,registrar@shooliniuniversity.com,,
Shreemati Nathibai Damodar Thackersey Women’s University,vc@sndt.ac.in,registrar@sndt.ac.in,,
Shree Guru Gobind Singh Tricentenary University,vc@sgtuniversity.org,registrar@sgtuniversity.org,,
Shree Somnath Sanskrit University,vc.sssun@gmail.com,sssu.registrar@gmail.com,,
Shridhar University,vicechancellor.shridharuniversity@gmail.com,,,
Shridhar University,registrar@shridharuniversity.ac.in,,,
Shri Govind Guru University,prof.pratapsinh@gmail.com,registrar@sggu.ac.in,,
Shri Guru Ram Rai University,vc@sgrru.ac.in,registrar.sgrru@gmail.com,,
Shri Jagannath Sanskrit Vishvavidyalaya,vicechancellor.sjsv@gov.in,sanskrit.university@yahoo.com,,
Shri Jagdish Prasad Jhabarmal TibrewalaUniversity,president@jjtu.ac.in,registrar@jjtu.ac.in,,
Shri Khushal Das University,presidentofskuniversity.com,registrar@skuniversity.com,,
Bastar Vishwavidyalaya,ye@bwvidp.ac.in,registrarbastaruniversity@gmail.com,,
Shri Krishna University,vicechancellor@skuindia.com,registrar@skuindia.com,,
Shri Lal Bahadur Shastri Rashtriya Sanskrit Vidyapeeth,vc@slbsrsv.ac.in,registrar@slbsrsv.ac.in,,
Shri Mata Vaishno Devi University,vc@smvdu.ac.in,registrar@smvdu.ac.in,,
Shri Ramswaroop Memorial University,vc@srmu.ac.in,registrar@srmu.ac.in,,
Shri Vaishnav Vidyapeeth Vishwavidyalaya/Private University) Baroli, Sanwer Road, Indore 453,vc@svwv.edu.in,registrar@svwv.edu.in
Shri Vaishwakarma Skill University,vc@svsu.ac.in,registrar@svsu.ac.in,,
Shri Venkateswara University,vc@svu.edu.in,registrar@svu.edu.in,,
Srimanta Sankradeva University of Health Sciences,:vcssuhsdeka@gmail.com,drankumonisaika@rediffmail.com,,
Shyam University,:vc@shyamuniversity.in,registrar@shyamuniversit,,
Siddharth University,sidunikapilvastu@gmail.com,registrarsidduniv@gmail.com,,
Bengaluru City University,japhetbcu@gm,,,
Bengaluru City University,om,registrarbcu@gmail.com,,
Sidho-Kanho-Birsha University,vc.skbu@gmail.com,registrar@skbu.ac.in,,
Sido Kanhu Murmu University,s.k.m.university.dumka@gmail.com,,,
Sikkim-Manipal University,vc@smu.edu.in,registrar.smu@smu.edu.in,,
Sikkim State University,gknc2004@yahoo.co.in,,,
Sikkim University,vc@cus.ac.in,registrar@cus.ac.in,,
Siksha ‘O’ Anusandhan,vc@soauniversity.ac.in,registrar@soauniversity.ac.in,,
Singhania University,vc@singhaniauniversity.ac.in,,,
Singhania University,jr@singhaniauniversity.ac.in,,,
Sir Padampat Singhania University,pradip.deka@spsu.ac.in,registrar@spsu.ac.in,,
Sree Chitra Tirunal Institute for Medical Sciences and Technology,director@sctimst.ac.in,reg@sctimst.ac.in,,
Sree Sankaracharya University of Sanskrit,vc@ssus.ac.in,reg@ssus.ac.in,,
Bennett University,ve@bennett,,,
Bennett University,edu.in,registrar@bennett,,
Srinivas University,vc@srinivasuniversity.edu.in,registrar@ssrinivasuniversity.edu.in,,
Sri Balaji Vidyapeeth,vc@sbvu.ac.in,registrar@sbvu.ac.in,,
Sri Chandrasekharendra Saraswathi Viswa Mahavidyalaya,vc@kanchiuniv.ac.in,registrar@kanchiuniv.ac.in,,
Sri Devraj Urs Academy of Higher Education and Research,vicechancellor@sduu.ac.in,,,
Sri Devraj Urs Academy of Higher Education and Research,registrar@sduu.ac.in,,,
Sri Dev Suman Uttarakhand Vishwavidyalay,drudairawat@gmail.com,,,
Sri Guru Granth Sahib World University,vc@sggswu.edu.in,,,
Sri Guru Granth Sahib World University,registrar@sggswu.edu.in,,,
Sri Krishnadevaraya University,vcskuniversity@gmail.com,registrar,,
Sri Krishnadevaraya University,@skuniversity.ac.in,,,
Sri Padmavati Mahila Visvavidyalayam,vcspmvv@yahoo.com,,,
Sri Padmavati Mahila Visvavidyalayam,registrarmahila@yahoo.com,,,
Sri Ramachandra Institute of Higher Education and Research,vc@sriramachandra.edu.in,registrar@sriramachandra.edu.in,,
Sri Sai University,vc@srisaiuniversity.com,registrar@srisaiuniversity.com,,
Berhampur University,vcbuorissa@gmail.com,registrarbuorissa@gmail.com,,
Sri Sathya Sai Institute of Higher Learning,vc@sssihl.edu.in,,,
Sri Sathya Sai Institute of Higher Learning,,registrar@sssihl.edu.in,,
Sri Sathya Sai University For Human Excellence,vc@sssuhe.ac.in,registrar.adm@sssuhe.ac.in;,,
Sri Satya Sai University of Technology & Medical Sciences,vc@sssutms.co.in,registrar@sssutms.co.in,,
Sri Siddhartha Academy of Higher Education,,vc@sahe.in,mzkurianvc@yahoo.com,
Sri Sri University,vc@srisriuniversity.edu.in,executiveregistrar@srisriuniversity.edu.in,,
Sri Venkateswara Institute of Medical Sciences University,svimsdirector@yahoo.com,svimsregistrar@gmail.com,,
Sri Venkateswara University,vcsvutpt@yahoo.com,registrarsvu@gmail.com,,
Sri Venkateswara Vedic University,vcswedicuniversity@gmail.com,,,
Sri Venkateswara Vedic University,registrarsvwvu@gmail.com,,,
Sri Venkateswara Veterinary University,vcsvwu@gmail.com,registrarsvvu@yahoo.in,,
St. Peter’s Institute of Higher Education and Research,vc@spiher.ac.in,registrar@spiher.ac.in,,
Bhagat Phool Singh Mahila Vishwavidyalaya,vc@bpswomenuniversity.ac.in,,,
Bhagat Phool Singh Mahila Vishwavidyalaya,registrar@bpswomenuniversity.ac.in,,,
Starex University,vc@starexuniversity.com,registrar@starexuniversity.com,,
Sumandeep Vidyapeeth,vc.svdu@sumandeepvidyapeethdu.edu.in,registrar@sumandeepvidyapeethdu.edu.in,,
Sushant University,vc@ansaluniversity.edu.in,registrar@ansaluniversity.edu.in,,
Sun RiseUniversity,vc@sunriseuniversity.in,registrar@sunriseuniversity.in,,
Suresh Gyan Vihar Univeristy,president@mygyanvihar.com,registrar@,,
SVKM’s Narsee Monjee Institute of Management Studies,vc@nmims.edu,registrar@nmims.edu,,
Swami Keshwanand Rajasthan Agricultural University,vcrau@raubikaner.org,reg@raubikaner.org,,
Swami Rama Himalayan University,vc@srhu.edu.in,reg@srhu.edu.in,,
Swami Ramanand Teerth Marathwada University,vcoffice@srtmun.ac.in,srtmunregistrar@gmail.com,,
Swami Vivekanand Subharti University,vc@subharti.org,registrar@subharti.org,,
Bhagwant University,viren_krec@yahoo.com,registrarbu2008@gmail.com,,
Swami Vivekanand University,vc@svnuniversity.co.in,registrar@svnuniversity.ac.in,,
Swarnim Gujarat Sports University,ve-sgsu@gujarat.gov.in,sec-sag@gujarat.gov.in,,
Swarnim Startup & Innovation University,provost@swarnim.edu.in,registrar@swarnim.edu.in,,
Symbiosis International University,vc@siu.edu.in,,,
Symbiosis International University,registrar@siu.edu.in,,,
Symbiosis Skills & Professional University,@ssou.ac.in,registrar@ssou.ac.in,,
Symbiosis University of Applied Sciences,vice-chancellor@suas.ac.in,registrar@suas.ac.in,,
SRM Institute of Science & Technology,vc@srmuniv.ac.in,registrar@srmuniv.ac.in,,
SRM University,vesrmh@srmuniversity.ac.in,registrar@srmuniversity.ac.in,,
Tamil Nadu National Law University,vicechancellor@tnnls.ac.in,registrar@tnnls.ac.in,,
Tamil Nadu Open University,tnouvc@gmail.com,registrartnou@gmail.com,,
Adesh Univeristy,ve@adeshuniversity.ac.in,registrar@adeshuniversity.ac.in,,
Bhakta Kavi Narsinh Mehta University,vc@bknm,,,
Bhakta Kavi Narsinh Mehta University,n,info@bknmu.edu.in,,
Tamil Nadu Physical Education and Sports University,vctnpesu@gmail.com,regtnpesu@gmail.com,,
Tamil Nadu Teachers Education University,vc@tnteu.ac.in,registrar@tnteu.in,,
Tamil Nadu Veterinary and Animal Sciences University,vc@tanuvas.org.in,registrar@tanuvas.org.in,,
Tamil University,tamilunive@gmail.com,tamilunivreg@gmail.com,,
Tantia University,@tantiauniversity.com,registrar@tantiauniversity.com,,
Tata Institute of Social Sciences,sbharat@tiss.edu,dr-pa@tiss.edu,,
Teerthankar Mahaveer University,vc@tmu.ac.in,registrar@tmu.ac.in,,
Telangana University,vc@telanganauniversity.ac.in.,registrar@telanganauniversity.ac.in,,
TERI School of Advanced Studies,vc@terisas.ac.in,registrar@terisas.ac,,
Tezpur University,vc@tezu.ernet.in,registrartu@tezu.ernet.in,,
Bharath Institute of Higher Education & Research,vc@bharathuniv.ac.in,registrar@bharathuniv.ac.in,,
Thapar Institute of Engineering & Technology,director@thapar.edu,registrar@thapar.edu,,
The Assam Kaziranga University,vc@kazirangauniversity.in,registrar@kazirangauniversity.in,,
The Assam Royal Global University,vice-chancellor@rgu.ac,registrar@rgu.ac,,
The Cluster University Srinagar,vc@cusrinagar.edu.in,dryaseenashah@gmail.com,,
The English & Foreign Languages University,vceflu@gmail.com,registrar@efluniversity.ac.in,,
The Global Open University Nagaland,vctgoun@gmail.com,ImolkrO6@yahco.com,,
The ICFAI Foundation for Higher Education,jmreddy@icfaiuniversity.in,registrar,,
The ICFAI Foundation for Higher Education,@ifheindia.org,,,
The ICFAI University,Raipur,vc@iuraipur.edu.in,registrar@iuraipur.edu.in,
The ICFAI University, Ranchi,orsrao.icfai@gmail.com,registrar@iujharkahnd.edu.in,
The ICFAI University, Tura,ciagatphoh@iumeghalaya.edu.in,registrar@iumeghalaya.edu.in,
BharathiarUniversity/State University)Ma,ve@buc.edu.in,regr@buc.edu.in,,
The ICFAI University,Durtlong North,zawl@iumizoram.edu.in,,
The ICFAI University, Dimapur,vc@iunagaland.edu.in,registrar@iunagaland.edu.in,
The ICFAI University, Jaipur,pbichaurasia@iujaipur.edu.in,registrar@iujaipur.edu.in,
The ICFAI University,Gangtok,vc@iusikkim.edu.in,registrar@iusikkim.edu.in,
The ICFAI University, Tripura,vc@iutripura.edu.in,registrar@iutripura.edu.in,
The ICFAI University,Dehradun,vc@iudehradun.edu.in,registrar@iudehradun.edu.in,
The IIS,vc@iisuniv.ac.in,registrar@iisuniv.ac.in,,
The National University of Advanced Legal Studies,vc@nuals.ac.in,registrar@nuals.ac.in,,
The North Cap University,hbraghavendra@ncuindia.edu,,,
The Sanskrit College and University,vc.scu2016@gmail.com,reg.scu2016@gmail.com,,
Bharathidasan University,ve@bdu.ac.in,reg@bdu.ac.in,,
The Tamil Nadu Dr Ambedkar Law University,vc@tndalu.ac.in,registrar@tndalu.ac.in,,
The Tamil Nadu Dr M G R Medical University,vc@tnmgrmu.ac.in,registrar@tnmgrmu.ac.in,,
Thiruvalluvar University,vc@tvu.edu.in,registrartvu@gmail.com,,
Thunchath Ezhuthachan MalayalamUniversity,vc@temu.ac.in,registrar@temu.ac.in,,
Tilak Maharashtra Vidyapeeth,24269940,24266068E.Mailkulguru@tmv.edu.in,registrar@tmv.edu.in,
Tilka Manjhi Bhagalpur University,tmbuvc@gmail.com,shambhunathchoudhary@gmail.com,,
Tripura University,vc@tripurauniv.in,registrar@tripurauniv.in,,
Tumkur University,tumkuruniversityvc@gmail.com,registrar.tut@gmail.com,,
UKA TarsadiaUniversity,dinesh.shah@utu.ac.in,registrar@utu.ac.in,,
University of Agricultural Sciences,vc@uasbangalore.edu.in,registrar@uasbangalore.edu.in,,
Bharati Vidyapeeth,manikrao.salunkhe@gmail.com,kumarjayaS1@hotmail.com,,
University of Agricultural Sciences,vc@uasd.in,registrar@uasd.in,,
University of Agricultural Sciences,vc@uasraichur.edu.in,registrar@uasraichur.edu.in,,
University of Allahabad,@allduniv.ac.in,registraraualld@gmail.com,,
University of Burdwan,vc@buruniv.ac.in,registrar@buruniv.ac.in,,
University of Calcutta,sonalichakravartibanerjee@gmail.com,rgdc2000@gmail.com,,
University of Calicut,vc@uoc.ac.in,reg@uoc.ac.in,,
University of Delhi,vc@du.ac.in,registrar@du.ac.in,,
University of Engineering & Management,vc@uem.edu.in,bananaichakrabarti@iemcal.com,,
University of Engineering and Management,sajal.dasgupta@uem.edu.in,suklyan.goswami@uem.edu.in,,
University of Gour Banga,swagata.sen_in@rediffmail.com,registrar@ugb.ac.in,,
Bharatiya Engineering Science and Technology Innovation University,vc@bestiu.edu.in,registrar@bestiu.edu.in;,,
University of Hyderabad,vc@uohyd.ac.in,registrar@uohyd.ernet.in,,
University of Jammu/,vc@jammuniversity.in,registrarjammuuniversity@gmail.com,,
University of Kalyani,vcklyuniv@gmail.com,registrar@klyuniv.ac.in,,
University of Kashmir,vcoffice@kashmiruniversity.ac.in,registrar@kashmiruniversity.ac.in,,
University of Kerala,vckeralauty@gmail.com,regrku@gmail.com,,
University of Kota,vc@uok.ac.in,registrar@uok.ac.in,,
University of Lucknow,vc@Ikouniv.ac.in,registrar@lkouniv.ac.in,,
University of Madras,@gmail.com,registrar@unom.ac.in,,
University of Mumbai,vice-chancellor@mu.ac.in,registrar@fort.mu.ac.in,,
University of Mysore,vc@uni-mysore.ac.in,registrar@uni-mysore.ac.in,,
Bhupendra Narayan Mandal University/,vcbnmu@gmail.com,,,
University of North Bengal,nbuvc@nbu.ac.in,regnbu@nbu.ac.in,,
University of Patanjali,charyaji@divyayoga.com,registrar@uop.edu.in,,
University of Petroleum and Energy Studies,vc@upes.ac.in,registrar@upes.ac.in,,
University of Rajasthan,prof.rkk@gmail.com,registraruor@yahoo.com,,
University of Science & Technology,vcustm@gmail.com,ustm2011@gmail.com,,
U P Rajarshi Tandon Open University,vcuprtou@yahoo.co.in,registrar.uprtou@gmail.com,,
Usha Martin University,vc.ushamartinuniversity@gmail.com,registrar.ushamartinuniversity@gmail.com,,
Utkal University,vcuu@redifmail.com,,,
Utkal University,registrar@utkal-university.org,,,
Utkal University of Culture,vcuuc1@gmail.com,registraruuc@gmail.com,,
Uttarakhand Ayurved University,vc@uau.ac.in,,,
Bidhan Chandra Krishi Vishwavidyalaya,bckvwc@gmail.com,regbckv@gmail.com,,
Uttarakhand Open University,vc@uou.ac.in,registrar@uou.ac.in,,
Uttarakhand Sanskrit University,vc@uswv.ac.in,registrar@uswv.ac.in,,
Uttarakhand Technical University,vc@uktech.ac.in,registrar@uktech.ac.in,,
Uttaranchal University,vc@uttaranchaluniversity.ac.in,registrar@uttaranchaluniversity.ac.in,,
Vardhaman Mahaveer Open University,vc@vmou.ac.in,reg@vmou.ac.in,,
Vasantrao Naik Marathwada Krishi Vidyapeeth,vcmau@rediffmail.com,reg_mau@rediffmail.com,,
Veer Bahadur Singh Purvanchal University,@rediffmail.com,connectpuregistrar@gmail.com,,
Veer Chandra Singh Garhwali Uttarakhand University of Horticulture and Forestry,@gmail.com,registraruuhf@gmail.com,,
Veer Kunwar Singh University,vc@vksu.ac.in,registrar@vksu.ac.in,,
Veer Narmad South Gujarat University,vc@vnsgu.ac.in,registrar@vnsgu.ac.in,,
Biju Patnaik University of Technology,vc@bput.ac.in,registrar@bput.ac.in,,
Veer Surendra Sai University of Technology,vc@vssut.ac.in,registrar@vssut.ac.in,,
Vellore Institute of Technology,vc@vit.ac.in,registrar@vit.ac.in,,
VELS Institute of Science, Technology & Advanced Studies,vc@velsuniv.ac.in,registrar@velsuniv.ac.in,
VELTECH Rangarajan Dr Sagunthala R& D Institute of Science &Techn,vicechancellor@veltech.edu.in,registrar@veltech.edu.in,,
Venkateswara Open University,vc@vou.ac.in,registrar@vou.ac.in,,
Vidyasagar University,vcvu.confidential@gmail.com,registrar@mail.vidyasagar.ac.in,,
VIGNAN’S Foundation for Science Technology and Research,vc@vignan.ac.in,registrar@vignan.ac.in,,
Vijayanagara Sri Krishnadevaraya University,vcpa.vskub@gmail.com,registrar@vskub.ac.in,,
ikram University,vevikramujn@gmail.com,registrarvikram@gmail.com,,
Vikrama Simhapuri University,vsu.vcl@gmail.com,vsuregistrar1@gmail.com,,
Bikaner Technical University,ve@btu.rajasthan.gov.in,reg@btu.rajasthan.gov.in;,,
Vinayaka Mission’s Research Foundation,vc@vmu.edu.in,registrar@vmu.edu.in,,
Vinoba Bhave University,vc@vbu.ac.in,registrar@vbu.ac.in,,
Vishwakarma University,vicechancellor@vupune.ac.in,registrar@vupune.ac.in,,
Visva-Bharati University,vice-chancellor@visva-bharati.ac.in,registrar@visva-bharati.ac.in,,
Visvesvaraya National Institute of Technology,director@vnit.ac.in,registrar@vnit.ac.in,,
Visvesvaraya Technological University,vc@vtu.ac.in,,,
Visvesvaraya Technological University,registrar@vtu.ac.in,,,
Vivekanand Global University,president@vgu.ac.in,registrar@vgu.ac.in,,
West Bengal State University,vc.wbsu@gmail.com,registrar.wbsu@gmail.com,,
West Bengal University of Animal & Fishery Sciences,drpbiswas56@yahoo.com,danashyamsundar@gmail.com,,
West Bengal University of Health Sciences,vc@wbuhs.ac.in,registrar@wbuhs.ac.in,,
